-- MySQL Administrator dump 1.4
--
-- ------------------------------------------------------
-- Server version	5.0.51b-community-nt


/*!40101 SET @OLD_CHARACTER_SET_CLIENT=@@CHARACTER_SET_CLIENT */;
/*!40101 SET @OLD_CHARACTER_SET_RESULTS=@@CHARACTER_SET_RESULTS */;
/*!40101 SET @OLD_COLLATION_CONNECTION=@@COLLATION_CONNECTION */;
/*!40101 SET NAMES utf8 */;

/*!40014 SET @OLD_UNIQUE_CHECKS=@@UNIQUE_CHECKS, UNIQUE_CHECKS=0 */;
/*!40014 SET @OLD_FOREIGN_KEY_CHECKS=@@FOREIGN_KEY_CHECKS, FOREIGN_KEY_CHECKS=0 */;
/*!40101 SET @OLD_SQL_MODE=@@SQL_MODE, SQL_MODE='NO_AUTO_VALUE_ON_ZERO' */;


--
-- Create schema exam_system
--

CREATE DATABASE IF NOT EXISTS exam_system;
USE exam_system;

--
-- Definition of table `answers`
--

DROP TABLE IF EXISTS `answers`;
CREATE TABLE `answers` (
  `answer_id` int(11) NOT NULL auto_increment,
  `exam_id` int(11) NOT NULL,
  `q_id` int(11) NOT NULL,
  `answer` varchar(855) NOT NULL,
  `correct_answer` varchar(855) NOT NULL,
  `status` varchar(45) NOT NULL,
  PRIMARY KEY  (`answer_id`),
  KEY `exam_id` (`exam_id`),
  KEY `q_id` (`q_id`),
  CONSTRAINT `answers_ibfk_1` FOREIGN KEY (`exam_id`) REFERENCES `exams` (`exam_id`),
  CONSTRAINT `answers_ibfk_2` FOREIGN KEY (`q_id`) REFERENCES `questions` (`question_id`)
) ENGINE=InnoDB AUTO_INCREMENT=51 DEFAULT CHARSET=latin1;

--
-- Dumping data for table `answers`
--

/*!40000 ALTER TABLE `answers` DISABLE KEYS */;
INSERT INTO `answers` (`answer_id`,`exam_id`,`q_id`,`answer`,`correct_answer`,`status`) VALUES 
 (12,11,8,'three','f','incorrect'),
 (13,11,9,'3','2','incorrect'),
 (15,13,4,'system','3','incorrect'),
 (16,13,16,'e','e','correct'),
 (17,13,6,'3','2','incorrect'),
 (18,14,16,'e','e','correct'),
 (19,14,4,'system','3','incorrect'),
 (20,14,6,'2','2','correct'),
 (21,16,8,'three','f','incorrect'),
 (22,17,25,'1p + 2n','1 Proton','incorrect'),
 (23,17,24,'chlorine','chlorine','correct'),
 (24,17,21,'bromine ','fluorine','incorrect'),
 (25,17,22,'Hg','Fe','incorrect'),
 (26,17,19,'electrons and protons ','protons and neutrons','incorrect'),
 (27,17,23,'smelting','smelting','correct'),
 (28,17,26,'Specific heat','thermal capacity','incorrect'),
 (29,17,20,'Normality','Molality','incorrect'),
 (30,21,8,'home','f','incorrect'),
 (31,22,8,'home','f','incorrect'),
 (32,23,8,'f','f','correct'),
 (33,24,8,'f','f','correct'),
 (34,25,8,'f','f','correct'),
 (35,26,21,'fluorine','fluorine','correct'),
 (36,26,23,'smelting','smelting','correct'),
 (37,26,26,'water equivalent','thermal capacity','incorrect'),
 (38,26,19,'protons and neutrons','protons and neutrons','correct'),
 (39,26,25,'1 Proton','1 Proton','correct'),
 (40,26,24,'chlorine','chlorine','correct'),
 (41,26,22,'Na','Fe','incorrect'),
 (42,26,20,'Molality','Molality','correct'),
 (43,27,22,'Na','Fe','incorrect'),
 (44,27,20,'Molality','Molality','correct'),
 (45,27,21,'fluorine','fluorine','correct'),
 (46,27,23,'smelting','smelting','correct'),
 (47,27,26,'Specific heat','thermal capacity','incorrect'),
 (48,27,25,'1p + 2n','1 Proton','incorrect'),
 (49,27,19,'protons and neutrons','protons and neutrons','correct'),
 (50,27,24,'NaCl','chlorine','incorrect');
/*!40000 ALTER TABLE `answers` ENABLE KEYS */;


--
-- Definition of table `courses`
--

DROP TABLE IF EXISTS `courses`;
CREATE TABLE `courses` (
  `course_name` varchar(45) NOT NULL,
  `total_marks` int(11) NOT NULL,
  `time` varchar(45) default NULL,
  `dept` varchar(50) default NULL,
  PRIMARY KEY  (`course_name`)
) ENGINE=InnoDB DEFAULT CHARSET=latin1;

--
-- Dumping data for table `courses`
--

/*!40000 ALTER TABLE `courses` DISABLE KEYS */;
INSERT INTO `courses` (`course_name`,`total_marks`,`time`,`dept`) VALUES 
 ('Chemistry',20,'30','IT'),
 ('cpp',60,'10','Comp'),
 ('DBMS',90,'10','IT'),
 ('sepm',50,'60','ENTC');
/*!40000 ALTER TABLE `courses` ENABLE KEYS */;


--
-- Definition of table `department`
--

DROP TABLE IF EXISTS `department`;
CREATE TABLE `department` (
  `dname` varchar(50) NOT NULL,
  PRIMARY KEY  (`dname`)
) ENGINE=InnoDB DEFAULT CHARSET=latin1;

--
-- Dumping data for table `department`
--

/*!40000 ALTER TABLE `department` DISABLE KEYS */;
INSERT INTO `department` (`dname`) VALUES 
 ('COMP'),
 ('ENTC'),
 ('IT');
/*!40000 ALTER TABLE `department` ENABLE KEYS */;


--
-- Definition of table `exams`
--

DROP TABLE IF EXISTS `exams`;
CREATE TABLE `exams` (
  `exam_id` int(11) NOT NULL auto_increment,
  `std_id` int(11) NOT NULL,
  `course_name` varchar(45) NOT NULL,
  `obt_marks` int(11) default NULL,
  `date` varchar(45) NOT NULL,
  `start_time` varchar(45) NOT NULL,
  `end_time` varchar(45) default NULL,
  `status` varchar(45) default NULL,
  PRIMARY KEY  (`exam_id`),
  KEY `course_name` (`course_name`),
  KEY `std_id` (`std_id`),
  CONSTRAINT `exams_ibfk_1` FOREIGN KEY (`course_name`) REFERENCES `courses` (`course_name`),
  CONSTRAINT `exams_ibfk_2` FOREIGN KEY (`std_id`) REFERENCES `users` (`user_id`)
) ENGINE=InnoDB AUTO_INCREMENT=28 DEFAULT CHARSET=latin1;

--
-- Dumping data for table `exams`
--

/*!40000 ALTER TABLE `exams` DISABLE KEYS */;
INSERT INTO `exams` (`exam_id`,`std_id`,`course_name`,`obt_marks`,`date`,`start_time`,`end_time`,`status`) VALUES 
 (11,3,'cpp',0,'13-10-2019','20:58:20.925','20:58:25.919','Fail'),
 (13,3,'DBMS',33,'14-10-2019','22:50:06.506','22:50:26.559','Fail'),
 (14,9,'DBMS',66,'14-10-2019','23:23:18.577','23:23:30.064','Pass'),
 (16,3,'cpp',0,'15-10-2019','00:13:18.958','00:13:24.695','Fail'),
 (17,3,'Chemistry',5,'15-10-2019','14:34:02.191','14:34:28.630','Fail'),
 (18,3,'DBMS',NULL,'15-10-2019','14:37:03.640',NULL,NULL),
 (19,3,'cpp',NULL,'15-10-2019','14:37:17.630',NULL,NULL),
 (20,3,'cpp',NULL,'15-10-2019','14:50:50.914',NULL,NULL),
 (21,3,'cpp',0,'15-10-2019','15:02:35.601','15:04:13.281','Fail'),
 (22,3,'cpp',0,'15-10-2019','15:04:50.442','15:05:28.938','Fail'),
 (23,3,'cpp',60,'15-10-2019','15:10:26.773','15:25:37.694','Pass'),
 (24,3,'cpp',60,'15-10-2019','15:25:45.569','15:39:59.579','Pass'),
 (25,3,'cpp',60,'15-10-2019','15:40:09.547','15:40:20.021','Pass'),
 (26,3,'Chemistry',15,'15-10-2019','15:40:43.591','15:41:31.725','Pass'),
 (27,3,'Chemistry',10,'15-10-2019','18:17:10.733','18:17:55.699','Pass');
/*!40000 ALTER TABLE `exams` ENABLE KEYS */;


--
-- Definition of trigger `exam_delete`
--

DROP TRIGGER /*!50030 IF EXISTS */ `exam_delete`;

DELIMITER $$

CREATE DEFINER = `root`@`localhost` TRIGGER `exam_delete` BEFORE DELETE ON `exams` FOR EACH ROW begin 
 DELETE from answers where exam_id = old.exam_id;
 end $$

DELIMITER ;

--
-- Definition of table `questions`
--

DROP TABLE IF EXISTS `questions`;
CREATE TABLE `questions` (
  `question_id` int(11) NOT NULL auto_increment,
  `course_name` varchar(45) NOT NULL,
  `question` varchar(2555) NOT NULL,
  `opt1` varchar(855) NOT NULL,
  `opt2` varchar(855) NOT NULL,
  `opt3` varchar(855) NOT NULL,
  `opt4` varchar(855) NOT NULL,
  `correct` varchar(855) NOT NULL,
  `document` blob,
  `status` varchar(3) default 'y',
  PRIMARY KEY  (`question_id`),
  KEY `course_name` (`course_name`),
  CONSTRAINT `questions_ibfk_1` FOREIGN KEY (`course_name`) REFERENCES `courses` (`course_name`)
) ENGINE=InnoDB AUTO_INCREMENT=27 DEFAULT CHARSET=latin1;

--
-- Dumping data for table `questions`
--

/*!40000 ALTER TABLE `questions` DISABLE KEYS */;
INSERT INTO `questions` (`question_id`,`course_name`,`question`,`opt1`,`opt2`,`opt3`,`opt4`,`correct`,`document`,`status`) VALUES 
 (4,'DBMS','rishi','hi','3','system','as','3',0xFFD8FFE000104A46494600010100000100010000FFDB00840009060712131215121212161615151517151515171715151815151515161615151515181D2820181A251D151521312125292B2E2E2E171F3338332D37282D2E2B010A0A0A0E0D0E1A10101B2D251F252D2D2D2D2D2D2D2D2D2D2D2D2D2D2D2D2D2D2D2D2D2D2D2D2D2D2D2D2D2D2D2D2D2D2D2D2D2D2D2D2D2D2D2D2D2D2D2D2D2DFFC000110800A8012C03011100021101031101FFC4001C0000010501010100000000000000000000020103040506000708FFC400441000020102030407050505070403010000010200031104213105124151061361718191A114223252F00742B1C1D162728292D21517233353B2F14363C2E14473A216FFC4001B01000203010101000000000000000000000001020304050607FFC400361100020201020403060601040301000000000102110304120521315113416122327191A1B11581C1D1E1F014234252F134436206FFDA000C03010002110311003F00F23293651877025603B12033A007400E801D001203120028110E89385C6D44BEE3119663811DA2591C9287465593063C9EF23BACA6F7DF5B1D6EB91F292DF097BCBE4350C915ECBF990AA800FBA6E39E9289249FB2F91745B6B988A22184C2D006708C8840C620C4644311887034063A2A4763E61A54858D55F31F575EDD7D3F58AE44DF87EBD7E9FB845B96924995CAAFD9E81298C850EAB46038A6310EAB4621C53188306310E211C64A35E6573DC97B287430E12CDF15EEAF994F87925EF4BE416FC4F249F564A38A11E88EBC8933AF0010980C4BC004BC00C91499E8B2C6D96468926032C4D124C12B10EC0315923AF0B0A3AD1803BD15A1D0AAE38E5DBFA88AC950AE8C08EDD2DCCE9689B63DA5C60BA2D8CAB9A506B10736B5319836237C8CB4944F538A3D645AB149F445BE0FECD71EC0D852E22C6A660DAD9E5DA0F75A677C4302F37F22C5A698189FB2FDA682E28A3FEE55427C9888E3C4703F3FA09E9A68A0C76C6C46189F68A15297EFA100F736873B68784D50CB09FBAD32B7071EA5781732C2B0ADFF001AC75DC57D8EBDB8476BC855DCEDE8588358D098E288E991B0D4428763804282D0E2C3985A0C18C0715A16038A64843AAD188714C621D568C4183188306020C18EC541068C541068C285DE80A8EBC0284BC0284BC561466E4442158A86980C91389252196A720E24D31B2B2344AC6D924689A60EE4543DC284EC86D0DC5B6C5D80D5CDEFB94C1CDB527B1399EDD076CA33E78E25CFA97E2C6E6CDEEC9D9946858A25ADAB9CDFBCB72CF31A71E13819F5D3C9714FE1EBE9F1EDF2F33A30C318F3355829C29EA65236C60917FB368D893F3107C400BF908BC47249761495732EA9249A6CCF2610C12B3316B306555DD22E001BC4EBCF7BD04D98B2492546793317D2BFB25C262016C35B0D54FC83FC263C9A968BDEB6EE33B3A6D7648F29734513C7191E1FD21E8FE270758D0C453DC3AA9D51D7E646FBE3D4710349D8C7923357133CA3B4AE1465CA3DCA5CBB06AA39492441B1D126418E51A2EEC15416274005CF908A98D17187E8D543F1D444ECCDD87785CBD63D8C5BD1293A300E95C93FFD43F2A84FA436AEE3B7D88D8CD815E982400E06BBB7DE03994601BC8186D62DC8AF53000AD0A1DB0808B68F7770818890E2B4908714C0438AD2421C0631040C04103188306310B003A0075A0075A02B3321A5698DA177A3B151DBD1D8508D10D0044544AC6D848D124C40B0A1D93365607ADA81386AC7928D7F4F190C93508D92C71DD2A379414280AA2C00B003809E635595CDB676F141451328BCE4E45E6694CBAD9B56E6C33985E377CBA96A91AAC1D6451EF3A83DF3463D34EBA154E765AE1F1748E8E2698E9A5156D72F819A56DD2268A8BCE59B522ADAD8EA3832D84C8B8B453F4ABA3187C7516A75946F11EE55006FD3617DD653D9739686E44E8E9B3CA0D345728A6A99F346DDD93570B5EA61EB0B3D36B139D987DD75E6A4588EF9DF8494E368C324E2E995FBC24D515B4C9581C29AAE1465C493A2A8D58F60FD249732268AA62696169D9058371FBF53B5BB390D257932ECF660B99763C1BFDA9BE452D4DA55EAFC02CBC2629ABE79257FDEC6E8CB6F282A23D5C15739EF671258FC84E793CCBFE89F4B1E8555A38E1D6E1988524925E95CFF00994DFE216E2BA5B94BA1924B95954F1C64AE8D27DA57433D98FB4D1F7A8B5AE47ED7C2C6DE44E86EA752669864525EA64C90DACC1A99615B1C06310B7899256851224EC3568050E299242638A634447018C8B1C5921062310500B12002C6216F0118FDF996CBE850D1D85041E3B150BBF1D850A57DDDECB96B9C3CAC57CE864991B2747031851A5E8DEED356673BACC4581CBDC001045F81BFA4C7AD5271A48D3A6ABEA5ED3C4A9D187989C1C989F9A3A9190E8ADCBBFC0666531D24B25ED5649E551EAC0A5B4AA39DCA64AAF12356EC0780FAEEED68B85431F39AB97D8E76A35BFF001E9F70AAED05A56B1666BDF2B9B9FC4E83533ACE50C7ECAEA638C7265E7D1171B2BA6F8F6F85BE1FB8E145C788B5BC64694D7388DC5E3E9266AB64F49D3107AA6514711A28D29D43F29F949E0673357C321913963E4CD5835928B4A7D3B9535FA77B950D25572EAC55811BBBAC0D8837E4759CCC3C2F24B9375F536CF5304AEACD16CBE9582B7AF529D3BE81B78B77D946426E8F08C91AF6FE9FC98A5ACC4DF25FDF919AFB4AE8E2ED35A75B0552955C452055903056A948DD8001AD72AD7B5EDF1B4DD871CF0DA9742A9CE197A753C431341E9BB23A957536656043291A820E60CD2554687A334036E25F3AF5950F65352B978963FCA23DDC8231F32DB1FB23AFAAA6DA8DE3C941F850760161E1391AFD5784B6AEAFA9D0D3E2DFCDF45D0BDC16C0A6A2DBB79CFC1FE465F757235CFC387BCC717014A9B867A2B5146B4CB101B2E25749B211F0DFFA935F0EA54FDA5ECA6633A47B30EF3B2A055624AA024EE82725B9CCCD30CB8DF28D95CA125D4F62C06396B6CE7A356FBB470B4D2A306286E6C3E31A6496F19B9C29AAF3FD8C1BAD7F7B9E65B77A1DD5B37B3546A9BA48346AA8A75C6EDEFB807B95C644FB877B4F778C70C8FF00DEABD5735FC7E64658D3F74CC5E5E5070691B275D82BC01040C061AB400755A491163AA648831D064841068C42EF400E2D101DBD180BBD0118DDD990D768EB980A909BE6163DA85EB23B16D38BC563DA26FC2C2830D1D8A8B8C730214ABDC6EA8BDB236001F5127392F26558E3DE2CAB7DEE1BA656F7172DA4EC3BB750E2D6DFA88B7BE9BA0B11E20C92E507CBA917EFAE7D13746BF08425201788B780CBD4E72D9350815422F264E65EEC5C021CC8B93D930C670EE8E8CA2D791A5FEC5565BA800F3CB8CD30BEA8CF3F53CAB69ED7A8B89B5CB530E14315DC65CECC0F3DD6BD8F1D61BE77CC3642B91A4DA5B47AE6153AB5158A2AD47033A8CB9076FDAB587846DAC69B4B9B2B8C25925527C90DD1E8ED7A9EF1A8471B0D3C79CA9393E6D9A2A315490BB5688A1BAC5FAAA9C2DBD624679723DDEB2EB8A577451526E9AB23F4B9171D8438A207B4E182F5AC2DFE3E1C9081DADAB2315CF8AB71B650DA93E5D3F5FE47CFA3327B1B105371D726A75030FE12185FC65591ED9A2EC4B741AFCCD753EB2B7F9753AB4396F0B1A8001F00BE4A4697ECB89C4E21158F27893577D3B7E67434CD4A151755D7B9A0D9D855A69B8A5AD7B9DE62C493A924CC52D4E49AA6F9765C91A1638A775CC5C5B00242326893451628863DC6F3BBC3F4B3BF126A9797A9CDD66A2296C8F5FB17A9B456961570EA378D6A9BF887B1DD01402B46FA16B6E92386F01C67565EFD9CF4BD93358DC431A149C50C516DDDCAEC94CB26F523B81C53616656015AE3420CCD2D4E28BA7256688E0C8F9D19CAECB5B7995C337DE61706FF00F751BDE5FDECE6884D4972289C1C583B2367356729A15D65D871788E8AA73DA86B1544D3728781919C5C254495495802445E8C38D827E41234131B1E569220D0E0692B150BBD0B10BBF0B010B407476F456142EFC762A243F414F0AFE69FA34D2F87F697D0E42E38BCE1F5FE06C7422A8371550DB9A9FD4C8FE1F2F29226F8DE26A9C1FCD0D62BA1D89662D7A59F22CBE9691968723F344F1F18D3C5554BE9FB90DFA1D8B1F750F739FCC483D0E5F4F99A1717D2BF37F2FE461FA298B1FF004AFDCCBF99907A3CDDBEA58B8A695FFBBE8C61BA378CFF0041BCD0FF00E520F4D9BFE3F6FDCB1710D2FF00CD7D7F607FB07163FF008F53C05FF030FF001F2FFC592FF3B4CFFF006235D81C395A1495D48210020EA0F1B8E739BAAB8BA674303525BA2F9319C46CFA6DAA0F21312CB25D19A76A7D4ACDA584DD450990572FDE48B67E936E1D537507DCCF3D3C6DC979AA2EB6755156C47DF361D848CBD6D3766FF56124BCD19F0C7C2AF47FA9ACD8989161FF0007C679295A7CCEE1A14C5587C5EB2C8646BA109453EA79974B2AAB62951145D8DD8816C81DE626DDC676F4196735CCC1A98C62B913B660BB893D6EA5E2AE5D6C5A6C4A566EF6654B0179921C4D79C7EA5D2D2DF4667BED1B669AE15D180455F7909B12436F2B0246A3BC4D51D6E2C8FA329F0270463360B14A35D41243A56403B1E96EEEF9D8CDB1AA3364F228F6963169EED04D2966EC3EF31C9981E60FA1B6928C8EED32DC7CAA8B1D9DB54ADAE7F8D74EE61C3B8C7719476CD5A0945A7BA1D4D351DAB52DF129EDCBF23297C2B4ADDA55F060B5D9D727F66254C5337C4D9794BB1E934F879A4BE2F9909E7CF93973FB106BED254F8733E9E1CFC2592D447A4421A67D64061779DF7ADEF3102DE390F3944B2A5CCD0B15F23DDB60E1825145B68A3F09E5BC5DD26CD99138F220F49FA1184C68BBA757587C15E9D96A29E1723E21D86E26ED3E6941DC5944BDAE523C1369D3AD83C555A4F615691EADCAE41C58325403806465369E8F4F9DB8A9A39D97128BA2B6AD72CC58EA64E527276C82542AC121363A864911673738A4BCC945F9048F04C6D0E0692B2216F42C5476F42C7426F42C285DE85851DBD00372314DD93AEACF16F14435C61E423E641E25DC71718790858785EA38315FB3EB1D87852EE10C40F96161E1CBBA1C1587CB0B0D93F41C5AA3918AC36E4EC673691FF11BBCCF23C4257925F13E83C3A1B7041764BEC42227319D2A236229DC5A4E2E84D15D816EA98AB7F96DC7E53CE74F4FA84F933364C7D8D551ACAFEF1A9D5D43997B16A757F69B773573C58020EA4037256A3430CAF747930C7A89635B5AB4162F19540B07A67B4331F1B6EDE658F0B937ED345AF571F24CA1AA29D00D5AAB1666ECF79BF651796972674E118618D232BDD9656CB3D8F556A2864206FD9A992401BC326A6C4E4A4F3395D40C81BCA75787C7C54BAAE689E19F853E7D0D06136B6EDD1EEACBAAB02AC3BC1CC4F3F2C7283A674934D5A2A7A53B6BAC5EA6966CD973B0E666CD1E9E792775C8A336450895670A30F84A956DF00007ED3BB585B9F1FE59E892A57D8E2E4CBEDC61E72FB2EAFF00BDCF3C6625EDA9D5CF32751E1F94C5967B4DF8A1BBE1FDFB8F53AAC82DCB4238767748432D964B1D0FE1B12C34623EBB0C4D9248B1A18D70410E4106E08C8823886BE46252A7649C2D1270B5BDEB2A9663E26464F95BE486A91E89D09E8EB6F0AB54663355F97B49E2672359AC525B21D3BF73462C7CF733D430A6D39F1742C8AC9E8D35E395199A309D3BE8450C5620621CBAB1414CEE1001DC2C4137073B35BB944F49C3251945C5F91C4E2B9B26151946A9DA7F1F2FD4CDFF0076B85F9EB7F32FF4CEA7870391F89E5F4F97F22FF77187F9EAF9AFF4C7B202FC4727A0BFDDCE1FE7ABE69FD30DB00FC4727A7F7F30BFBB9C37CF57CD7FA62DB10FC4727A7CBF913FBB7C37CF5BF997FA62D9025F89E5F4F97F210FB3AC37CF57F997FA63D9017E2593D3E5FC843ECF30DF355FE65FE986D80BF12CBE9F2087D9E617E6ABFCC3FA61B622FC4B2FA7C851F67B85E757F9C7E90DB10FC4B2FA7C821F67D84FFB9FCFFF00A8543B0BF12CBDD7C85FEEFF0009CAA7F39FD2150EC2FC4B2F7FA228674D1CD62AC043AB01A1C11120C4007160087962E84D2BE46771CD773DF3C6EB257367BFD346A0911CCC166A1B75924C08B5A85E493150C52A5513FCB623B351E465B1D44E1EEB22F1C65D51354E248D40EE51796FF9D91F623E040A7C6E05C9BB924F339CA65965276D96A8A4B901B3AB3D12401BC87553F88E4668C3AA70E4F9A2B9E152365B3B6A3D550801600582D4A695777B14B83BA3B011353D5607CE5F5467FF001F247A7D1969B3F603B303502AAEB60156FF00C2A00F397E9B3E3CD3D9030EB5CB4F8F7BEA40FB4F029E1E9220CB799BBD8050BFEE9B737B30E472B40DE5CCE727CCF34A782DD163AF1EF9C2CA9F567AB87643D4B0F7991C8B28914B63A9E63B8C978F24476A2DB01D1D4FBD73E27F2954F5725D3EC49411B4D85B2E9A7C2A0770D7BE60CB9673F7996C6291BAD994C2AF2999A2DF22C063298D5D478892895B8B649C36D0426C181EE20CB232A7CCAE589D5A1FDA1443D361C47BC3C33FC276F8666DB951C7E258165D3CA2D74E7F2280501DBE73D26E678FF0A1D85F671DBE70DEC3C287638D01DB0DEC3C187613A91DBE70DCC3C28763BA91DBE70DCC5E143B1C690ED8F730F0A1D81082161E1C7B07D48EDF38B731F870EC2F5222DCC3C38763BA911EE61E1C7B23BA9116E61E1C7B23CD03764E9A652D0618728EC8D06AE394007038E51120C3080E8755876C00737C58CAF2BA837E85FA75BB2C57AA33558DC99E2B52EE4CF7D855450204CAD97A3B7224C287530F789CC744DC3E0C4A9CC745951C18E5053150388D8C18692D521103FF00E641326A43B347B1B63AD31A4AE52BE405A91EF7709DAE091E727E87038F4BFD3847D7ECBF92A7A55B2FAFA1602EC843AF6DBE203C3F013BB921BA3470B4B9BC2C89F91E4B8EA255C83C0CE0E78D723D96196E5685C2529CD7D4D2582E2113539F2D4F9082C729FBA84DA5D49787DA0E4EED3A66FCD8D879097C786CA5EF3A20F3C5742D461F1A54B75C29A8B5F7001604817B9BF39A63C330AEB6FF00BE854F54FC8BDD9DD1DA4D6389C4BB03A96AA5477EA04D30D1E08AE515FDF8944F5395F464FC1F45B6556A1BD7A6C37492FBF9D80D4927297C6304B92E4552CB954BCCC4E0300766ED4EAE8B9346AD215933B822E3CED9F9CE2F19C518E3535DCE96872393699EF1B3EAEF203CC03E739FA5C94D31668D368A6C4A6E332F2397770F49ECF1CB7C5491E1B518FC2CB2876637D67D5C49D151C5FEAE2142B137BEAE23A11DBFF5710A038B7D5C42800BC621C0FF005791A19DBFF578501DBFF578501DBFDDE70A03CAD6A4E8D95B438B523B16D0C342C5B020F0B0DA187858E8716A443A236D6C7F5548B8CF85BBE559F9E368D5A38AF1E2CA5C26356A0B839F11C44F1FABC33C72F68F6F867192E44B598646843C8B20DF2192B255676C9514B31E4145CFE120AE4D450FA14B43A6148B102C3B59AC0F65F9CDCB86B7D668A9E5AF22C0F4C29A00485372064EA7583E1725FEF40B327E45CE13A54845DA9B016D46EB0F431FE1D997469FE61E341963B376F61EB30547058E614E46DCEC664CB8F262F7D51646A5D0D3534CA56041AF52CD3D47038DE393F54799E38FDB82F8FE822D59DBDA70A8F2FE9BE177310C468D98F1CE713884299EA78665DD8911762E1C39DD26D7CAFC89D0CE0CA54F99D82A6851F6762B547BCA4ABEA7319EF76822C6FC889DAC528B82947A19649DD3131DD2820A9A005D6F991910785BC212CDD89471772063BA4B8BAAA51EA9DD3AAAFBA0DB317B6B2B7964F91358A2BC8842A57ABEE8351EDC06F37A08ADB1BDB1EA7262EA06176391D0F66B711A6EC4EA8DAF4055F11893519895A54D945F405CE407913397C632DE38E35D5B2ED2C69B91ECC3A4494A9AD3A76770A2F63EEAE5916235EE1E83392E19C333666AD351EED7DBBFDBF5CDADD4C31F3EAFB7EE374F1AD509672093CB2EE004F591C11C515189E5B54DE596F63DBD1D18F6885E140E20EFC744769DBF0A1ED38BC285B46C3C9511A1D0F2344F68BBF1506D3B7E141B4EDF8506D3CA43CD7656E21068EC5B431521614382AC2C7418AB158F6842A42C7B46B1F496A53653C74EF983886A7C1C7CBAB3A7C2B4BE2656FC923115E8BD07CBC0F64C987363D4C29FE68EC4F1CB0CAD17DB33690719E47889C8D5E8658BDA8F38FD8DB8750A7C9F52E2834E64FA1A90F6DBCB03893FF688FE6217F38B4AAF34453F74F1E33BA54C510041DE2B19B8FB24C11A98C350DC8A486DAFC4C6C3D034C3AF95C230EEFEC4F1A49D9ED95EA85524900017279013045731B66468638D4AEEFA2DB747703913DA733E227BBE1FA17A6D3273F7A5CDAEDE8795E279D66C951E88B015A6B399B4F3FF00B4AC6FBE8AA330A2E7D7F3139FAC8C5BA91D6E1BBA29D198D9BB61A99171713979787E3C8B972FEFF7CCEC475525D79975B7769E171744161512B8160CA148617F86A0DE175E37D476E873E0D16A3136B7271FCEFE3D3E65AF538E5E4ECCC613034AFF00E2B38D6E142822DCCB71ECB4DD1D2BF36572D5762EF6553C053406A61DAB37BC6ED5595401A7B883F1265B1D22289EA9DF2E46B36474AD30C1A9E170F4E92B5DC81BED9EEA80492413C78E534474D4669E6DDD586DD206A9D638A5495EAFC6DD553BB0002ADC904DEC333C65B1D347B10799F2E61506A74D1BAB454DE3BCA888586F15CEF6B122F6CCDA69869A11F6A297C68AA59E72E4DFD473A3D882F51569A64556CBA904AA924B0FDA2E0E59116E133F8FE12729F44BFBFB16BC5BD251EB7FDFDCF54D97B1D129B29F8DC66DC8F0B760B09E79F119CF3AC8FA792F437CF450F05E3FAFA94B52AEE92A7220904768D67A58ADC93479A92DADA7D50271024B6117407B40E71EC2342FB4086C010E2043603005592DA4768E7B4C8EC2477B5436009ED30D8027B443608F2E152481C5862A42C5B5862A42C36B0C3C2C363083C2C36B085480532438F77B85CF799E478A6A3C4CED2E8B91EBF86E9FC2C0AFABE6FF003292BAAD5DE53C0CCD8724A0F7235E4826A99438BC335225870CC5B8F74F4183551CB1F5EC72F261707CBA12B09B65EDBD719102DAA9273363C3291C9A2C39F9B8D7C092D44F1F9D976BD21A752855A551481529B2022C7323227F8AD312E0FB3229C25C977FE0B96B93E524665FA380FC3569837B58922FDD94D8F49325FE5E263F80E8835406F56953B7CEDAF0B8DD072BC4B4B3EC296AB1AE840C67463108C5428703EF2BA143DA0923F089E932760FF2B1F73D0FA0A8B81A0438BD566BBDB3B1D02DF4E43BCCCD93836A7364DCE9457713E21892A5CD93B1DB6DB124D3161BA7DE5077AC6FF788EEB5A75B87F08C1825E36495D7C97F7E861D56B724D6C82AB2E68ECFDCC3B13F1821CF7696F2379923C57FC8D752F73DD5FBFE6C79F43B349FFD2E6C822B89DAB3894653A454454A8C751F81DD506DFCA3CA79BE29A8DD9762F23D370CC1B30A93EACCE3ECD07E1CA64C3AC9C397535E4C11915B88C1157032198173A0B9D6FC0739D5C593C64A48C538F86E857CD8E7A9247106F9E679CDB5CCCBE43F454906C2F61736CEC2E05FBAE40F196A2B68B0C303DB7F127CA5B12A659D00D97BA732072CC9B0C8EB249AE846997587DF2A029DDFDA1AE632B72D75F296A205C7432975388A54CD4F74BB6E29007C484B01C7E2BB78CE7714C75A49FE4FEA8D9A39DE68FF007C8F42E90E3CD1A26A0D4151E6409E272C9A8368F418D27249945B76B0252B7FAA973FBCB91F4DD9EB782EA3C5D3D3EB17479BE2BA7F0F3DAF32A8D71CE760E66D13DA0738AC5B45F681CE161B44F681CE161B4EF698586D62FB40E70B0DACEF681CE161B4EF681CE161B45EBC738586D3CF4195D93DA1031D8B6841A162DA1868586D08340368ED1CD80EDFF995E5C9B20E5D91662C5BF2463DD9618FF768B31E44CF06DB9CDBEECF69155C8CE6CCD2FCF332EBA646406DA5F747793E40EBCA74F862BCAFE062D5BA8148AF7005AD6D0F1D49B9E7ADA7A08AF2397263A1AD9D85EDA0CAE7BA4FA7321D7913BDD04FBC2CBC48B67277DC8D12F0DB8DA329E391F5B4945A645C5AEA5861E85FB81B788CE68815C89988C2332100283A8B92C6E331D833039CB251735488A6A3CCD1F43B645301EAEE8C98819EF58E6D6BF6163E66794E3B99C24B0C1F26ADFCCEDF0F86E5BE5D7C87767633ACAB590E84BA7866B3CDE0C8E1994BB3FB1D5C9052C7B7BA33E6BD8774F7D93228C5CBB23C762C6E7350EEE8A7DAAC52916E2D3C5B94B2E56CF60928468ADC16920DF3190F6DD3CEE35B03AE791E5C759DAE16EE32473B5ABA32AD04EBA39EC914EF9FEEDBFF00D0CA4BCC5E4751C492C49A85101DD072CDB4BE7C07D71914D36DF45D3F3255492EACBBD9559CB147F8E9B236F0C830BE4470E12E837CE2FC8A6697292F32FE83DECDA5C03ADF86B7E334A7CCA1975B06B1F68A3F17C62E380D45CF9CCFC495E9327C1FD8BF48EB347E26B3ED02B6EE0D8FEDD31E6EB3C1496E8347A6C7EFA28F155AF81A2DF2D4DDF06427FF00013AFF00FE767ED4E3E89FD4E5F1B8FB3197A94DED33D459E7CEF698EC285F698581DED30B03BDA61602FB4C2C0EF698581DED3003BDA61606545332BDC5BB0314CC3706C0852ED86E0D818A479C3706C0851ED86E16C1FC2D3B303F59E530713CBB34B27F036F0EC57A88FA5961D29229E1413A12079CF2DA2839E4497AB3D0E5928C5B664367E296DA89A67A7C89BF6595F8917E62ED5C40CACD63636EDBD811E579D2E1506A526FD0C7AC7ECA455AA19DB47358FA2FC3FBC3F111BE825D469C0EB0071AAFF864E6A1F3BDC73BDA4655BE9FE44A37B6D7E649A2379A9A13BD515812CB96E2839866B69D9DB271E6D2EAFEC27C937E5F7357845EF1717B67DBD9E1E13645999A2C29D2EEB769B673429248A9C59ADD8DEE6185C8B9B9CBF59E0B8CE4DFAC97A52FA59E93411DB85192E8EE237ABD520DC758E411FBE6727241C2747422EE2885B4E9EEDCDF57B6BCC93F94F57AECCD68777751FAD1E7F45893D63F472FD489D274B5153C80F52271387C3739BF4FBB3B1A8956D5EBFA19FC2E294711232C33BE8FE44D4E35D46B6AD556F2D4676CC5AF3A9C360E3BB72EC61D5B4D2A202AF6833AE8E7B1F43A699DC7E9DD73692EC25E6868A58EE54DE0012C8C396775396BAFD5A46BFDB2E9D5325E571EBD1A2E365335DAB3021415B20C88553BDA0FBC6FADB2CB84B616EDBF97A15CEB925F32F70F8A50336BF6DB7491C2E0640F74D112865AECCC73874708A29875BB3120E7959473D6D21ABC6F2609453E6D35F3E44F04947226FB97BD35DA82BE15D101B82ADC3EE32B5AE0EB989E6A1C1F3C63273AE8FCFCFE47616BF1B9C52EE314977F670FD9AA87D197FF00298B81C9C75128BECFE8D13E2D1DD893F529BD9FBFD67ADDC79DD82FB3F7FAC3706C3BD9BBFD61B83609ECFDFEB0DC1B0EF67EFF00586E0D87753F59C37078677503B7D61BC7E19C30FDFEB0DC2D817B277F9986E16C280195D9AB68E0630B16D0C130B0A1C0231506ABF594003A76041246BCC4E5718FFC575DD1BF872FF5BF217ED26B2FB2520AC0DDC13620E8AD395C2A0D646DF6FD51D1D5CBD9AF53CE55F84F491E872A4DD936931B73DEB1B1D0817B03DA2E7CE590EE884BD43017812A788D64F910E612F6E62317324DEE33DD6CF4600FAF131EDB16EAF224612B04B5B756D7D001706D7BF3D3D65915445BB2D705592D60E477699F7CBA1248AA4993C353DD6FFA8C01F8B355EDB713D93445BF32A922726206E8A65B203748D067C80D3C2558F4585ADFB55B5D69596CF53913DA9B23745DAF5AAF20DAF3FAD3C278BE3EE1FE63515D173F5FFAE87A2E1EA5E046FCC3DB487701247F98A6D7E779BF88C6B455DA8C3A1927A96FBD947D3D36A34ADCCFE02737857BF2F82FB9BB58B92F8FE86237A77628C12649A04DAF7D721E19E7CC7E92C85595CAC77DDE22C7B25B7DC85760D6344491498E8AC78E409D2F73978C692F213B1FA589B1B924E5CC93EBE12C4D2E841DBEA5A6171C342B26A4FA1071458D1C517DCB8B00E3757C6E5BC84BB7542910AB913368ED3B51AC1AE2D49EFC3412FCAA3E1B7E8FECCAF1DF88BE2BEE56744BA66F5297B37503DE65BBEF927E206F6DDFCE78ED1E93C3CFE36EB6EFCBB9DFD5E4F1316CAA5FB1A6EB0FCB3B5B99C9D8BB8A09F97D61B85B177173F97D61B8362EE77BDF2FA886E61B17706CDF2FAC3730D8BB9DB8790F385B1ED4704FD9F58ED8B6A0D50FCA3CE16C36A0ECDF28F385B23B17731C3EBEAF21668A0D44762A1E4809A1C11D851C4C563A325D37F8A9107556CBB88CFD666CFCE8D38792645C2614D4555BEED831BB640B5ACAB7EDBFA4AE2AD973744107758861623220F096C1F932B9AAE84AA754F197A654E23DD6731793DCC86D41AD410DC1B0914980CEFCC8E0447B85B4E4AA38C9A990D84AA58851A4B14D117025D3DA56B0038DCF6CB639083C6486C71A84045BD4B5C58DB219FBD91CBD7492967505CBFBE80B16E7CCA2E8EF4AEA52576EAD5B527323524CF259F4AB51925964DDB3BB0CAE11514BA163D2DDA1884C3E1EA0B27599B8B062ADBAACA331DADE5376A22A70519747D4C9825B66DAEA88181C46231C5683D406EAED72AA2DBAA777E117176DD1DC655A7D3C31BF615596E5CADAB9149568B239A7514ABA1B329E7F5E7352EC52E8751A5B17441AB1D0F276476A0D5C4370B68F238F43E1711EEE81B454AD27BC87863EB89E525BC5B095471A6E0F2CBF59642645C08FB7BA40773AA5B33B02A4D8121594820F3C8E57ECF1A759A84A1E1C7ABFB16E0C36F74891D111429845214D5DF537E372C05819831D234644DA3D088FABCD3664A1478C2C369D7858F68A0C762DA7030B0DA10858B684A3B23B16D0F72F0B16D0BAB858518307B3F091B2DDAC2F0FC2161B4210B1D06BF5A42C2832DF5942C36988E9556DEC411C102803C031F5699B2CAD9A31C6912696357ABB11C246C9A4DBE443D9D492BD6EADB786F0211B8AB004DB3D5480728A12B639C5C5732CB13B02B53048F7C0E2BADBF74E7E579A2DA2AE4CA9189020A60E229C529E31F882DA4804AA8620853A3104037E4DA186F0DA36D8A5E63CE3F104E01D2C602428CC936000B924E404978A2D88B8AD807A54DAAD73B88B6B8166724900281A039F131CB338AB646318B748A6C57495CAF57417A943F11077AA3FEF54B0B0EC1699279E532F8E24BA915953ABB2AFBC4585B89321E45869FED2AA90B87A7C2EE4E9AAAA01FEE32CCCFA14E1F3664A95416B11F5CFB25565D45E746E97B4BB26277DD025D2ADC97A6D7160AE6F70416F74DC65793C76D90C9ECAE449DAFB00D246A89503AAE64105582FA836F097F34569D99F4C58E462DE3A2561DBAC60880963A0D34CF8E423DE1B512EBE06AD352CF4C851A9F74DBBF74930726B98249907DB13FE0186F0DA893B2C9AD55692FBBBC4FBCDA0B027866748D4D8A91B6D9DD1DA496351BAC2387C29FCA0DCF89F08F7B23460FA47B28E16B900DD6A5DE99E4A58FBA7F687E9CE6492DACD11768B7E82ECF0F54546048A7EF16E05BEEAF7FDEFE11CE4F1AE6466F91E85BE25C51410611806A44003CA020944621C0A23421C551010607D5E310B61011E742A190B2FDA10A87E808586D14D4B6A6DDF94AA79E10F7A45F8F4B9727BB16C418917B0373D80FE3333D7C2EA36CD8B8564AB9B4BEA3588DA0174B1F1BF9764CD935D36F91B70F0B857331DB54B1A8CEC3E3B30ED040008F297E39B94537D4C1A8846191C63D07F02A1D40B81EF0D7BF8CB651DD16915E19AC792327D13347865A54C8AAEB675269DF91CC1F1C88BCCDA39A836A674F8A62F120B2635CFEEBFECB34C786CD483DD9FA4EA45C65D19E7A4A51EAA8C76DFC26E552C07B8FEF6990627DE1E79F8C8BE4C9A768AC600E435395A26E20ACD79A4CF83141FE214C003932E6BF80125B7D9A15FB5664152C4AB58119104816224538F992927E45F6C4A49BC181077733620DAE0DAF6D3FF0052F5B36DA69B2AF69BA65CE388AA8D4DF353CB5C8DC106572F69532515B5DA3098AC315AAC99E4C40E645F239764C6E34E8D29DA343B136590E8F52C0290D6CC9246601B699CB6306B9B22E6BA22FB6D61A957501C9BA9BA91ADCEBE07F212C92DC5717B4CF63761663AA22D6B3063EA32F4EC95CB17626B2772F3657F834969EF5F76F9F79272F396C16D5457276EC0DAFB5D5299BAEF6F02A16FADC58E7C05A1395208C6D98765A8A2E56C0E9A199F7C9176D4CBCE88D550EECDF100029E40DF7BF0596E395F52B9AA34B5718A5486B1520820E845B3065AD903CE4BD8E47CE65DCD742EABEA49D9DB42A52A8B5102965D2FA662DCFB60B2486E08F47D99B6CBA02DB97201211B780EC3C41EC3EB2F8B52454D50FE2DE8D6016AA2B006E2F6363D91B8A7D414ABA1330D511542D3015468A0580F08550751F5AB0150EA55ECF48C543AB587210B151212A0E519168756488863C7CA021C58C4C2B98085DE3011E5EF51C1F7541ED2E8BFEE33164CB913A8C6CEBE0C18251BC93AF4AFD48F51AB9F957B981FF6926639AD4647CFA7C8EA639E870AB8AB7DDF3647145B8D4B7706B7ADA679E1D8BDA34E2D678D2A845B3AAB94160492753C4F600387E92B51E7546A7B573932BEB626D91BB1F95733FC47EEFE33463D3BEACC1A8E2318F287312A63C3FF009AAC2DA7BBA7ADE6B8636BCFE871A796FCBEA466AB4AF906F451F899625456DA7E544DC46D0351080A496DCBF1CD45B7AE07100789328F05B9DF91B56AD781B3CD7D86F0FBE08B2B65FBD2D8E149D99A59E4D503B7316D50AA31B019919DC9D2E47D6B2EC92DDC999A11DBCC8A30DB8EAD4D5CDB3CC026FF00C3A4AE2A9963E68D3FB4B9CF74F919AB719F6997C7E1AABB1634DF324FC24EA7299B27365F05489DB1A88504F575054B801B302D7CC32DB311C3904B997DECD53E5B788FD65F65542FB254E6BE3AF988AC74394F0EE35F41786E16D241C3A9D7D6E22B1D0DB61C8D1091D8D7F485B1ED386E8F8A9DBBC45B8368CE2F0546A000AE433C99867E914B98E2A86D762D0F93D49FC0C5B512B1FA1B2E8A9B840386A4492E44592EA6CFA64582EBDFA79C6C8A446FEC6A3FE988A891DFD8543FD24F2116C43DC4EC160113E15004925445B26841D9E91911D4B400796301C58111F41191649432488B1D0D188715A3222DE0026F1E7F8C00E0FF0059C028F3ADD133B46D4C2DC8A896E16912A4916B9E2554DFCC486C57745D1CD34B6A6E8164DED40F4FC21B57614A529756D82D440CB2124915BE434D494F08E880D9C1A7C83C84282C7130A83EE8F202143240458E911E6032443B38538500EDF84621027642876185850123ACCA322360C5430D4C00743C6070B721001C5ECBF9FE460071A40EA17C80F51685009ECABCBC9ADF8830A0B10E0F9330F26FC088058070ADF30F1047E5003BA9A9C2C7B987EB0017FC41AAB7940412D7FAFA3000856FACE0038B57BE01449A558733E51A645A6484A8BF349107648461F346458FAF7C9111CF18C4767CE0025CC00E07B3D200213DB101FFD9,'y'),
 (6,'DBMS','rishi','1','2','3','4','2','','y'),
 (8,'cpp','rishi','one','f','three','home','f',0x89504E470D0A1A0A0000000D49484452000000E1000000E10803000000096D2248000000F0504C5445FF6600F4F6F9FFFFFFCB5100FF5A00CA4D00F5F9FDF6FCFFFF6400FF6000C94300F5F7F9CA4E00D2764AFF6100FF5D00EAD2C7D88B65D06726F5E8E5F5E6DDF56200DC5800C94500CE6332C94400F6FEFFEEE0D9FF6F14FF5600FFFCF9FFB693FFF6F0FFD0B9F3F1F0FF7B2DFF7521FFE4D5FFEEE4FFD9C7FFCAB1FFAD87FFC0A4FFB89EFFA781FF8949FF6D00FFD3BFFFA172FF803CFF925DFF9867E5C0AFDA9577DC9E81FFE1D1FF986DFF8249FF9661FFA277FF7F38F9BAA3F8C1A7FF7628EDA889E88D65DF6826DB4A00D27140CE5D1BE2B5A2E9CCC0CE632EDFA991D78761E3B9A8D06420CF5E0DD98055EAB69D650F073500000E7349444154789CDDDD795BE2BA1A00F058BAA4A536287A3A20144436511491C565AECEBDC7059D33FAFDBFCD6D1190A56DF2A62994F3FE35CF3C0EF29BA479B336488A3B1CA776DC3A3BBF6E9F54AB850242A850A8564FDAD7E767ADE39AE3C4FEFB518C9F5DAE5F9EDE5C5DC83221BA65612F9017E33F59964E882C5F5CDD942EEBE518BF455CC25AB3735BD065DD9AA882C2A5BA3F55B8ED346B317D933884C3B336D2894EB12D3ADD9F47EDB33894A285E56607C9C462C7CD312D5244F7C7A26BAC5061BDD5B5642EDD4CA9CBB8FB5017F9A5C409CB0F6DCC57782B4589DA4D716DAC2861E38EB36E0620C9F550D0371322AC97AAB225483743CA8F2521B55580B0D6B188A8D25B40127C2FA0718D2C1CB6753D0EDFD8A8EBDDC8C688C2C6555170F55C325AC576C407329270D895E32ABEEFB0E4BB48E5184158EB9258CBEFDBA85F476873B885E57BD1CD6770B87DBA73EE04C929744A96BE2EDFD848708BD3C827BCACC6921F428DF249636D42E77AEDBEB19174788A914378ACAFB582CE858E2FD7202CAF23430405963BE0C11554787CB1A902FC0ABD007D1A6142A7B3C102FC0A4CCE6314D60A64C33E2FC82328FF4384CDD8BAD8B0B0400D0E4078BAF11A3A0D4C4A31089D76126AE824B07C275C58AF6EB60D5D0E72C29A3618850DB4B66E36635855C631159BF038216DCC7C60CC9619998467C5E4015D62B1294A582A6E1AE31F587E10233C4D5023BA1898B444083BF2A621C181657A62A40A930C74A34825D284E789ADA29390691595224CEE33380DEAB3182E2C25BB8A8E0317C389A1C26642D3C4521443537F98B091C09E8C5F601CD6810B11D6D17600DD3EEA6348373C58E81492D6D90E0EFD278FB09DACE15278900E5C98FC3CB110C1693148D8DC2EA09B16831AD400616D4B9AD1EFC0286006CE5FE814B60DE836A857106167CBEAE83802C619BEC2E61674D67C82F8AEF8FB09B727D52F06AEFA257E3F617B7B52FD62F866451F616B3BEBA817B24FCA5815961333790F0FEC5360AB7FD5DDD63AEA85CFD2DB8AF0387AA2F076FC12991684BA439AE757EB2B03A96561D45C8F2DA2A3ABF3FF1C0F0FC2A3D13CBBFF8974225869DDD284913ADCDEE6D7EE434DCB6B2A4B68F9F4F0EC168BDDD8212F4F842F09EB117E1DD6ADEBCB6C5E5577D843D5B4EC439B081CA8E10B275478C7FDBBDCA238CD827453A4AA1E7404EE2023A761C206772AD4F1694583F326C87CF65A1765C4A41E22E4EDCD60D2C972FBC646ADD6169587F54EB0F092B399D1AB0D8DA37E2E1AD5074B4C3162AB1E28BCE2FA1558EEA6A3FABCD00E4EC40CDAF4EB20E125D70430B61EF2027C6EA8E97B319943AE05081FB9CEF2A046A4277021B49210A2D5F5177235A4181F8803BAC4961062B1EE2BBCE2F86C8C0E443C82DF917F1031769B6F4EBF85438EC71CA3A1C8121C133F0510312EFB08EFE00D2926029FC16968BF04B4A873DBC266C23AC70C69F1413CD025FE377A371517CA2BC253F8C792FB38806EFC2F7A6BF33DC498092FC09F8A4F2AF100D5A3BF230BADF6B2F012FE7C9386D866F43BF283E844B9BE2484F7B9F57B415D199F488FFE8A2AD44F1785757011623DA63AEA85D6B3A312315E14B6C02D3429C5D4CC8C23FDA444254E97DB10677F065FC458846E63F36AA72212ADEB79610D7C4839DE22741B9B911991384D895FC212B49262948D15B8A3F672A98844723927045752EB26DE22749F4433159138A9A688AF258D2F174E43EB2B1189B8E0CC84E096145FC45D843B6AC6484524CAC39910BC1863C5D5239D8BCAB31991F895F4C742F0B89A5CC65D49DD6AFAEE55D328447C3215C2A72FE45893E144F862A722128BE589103C70C28FF1575277843111F213497322FC09CE154C8FA1960F0CA6F9E36C2A1591A8DF7F091DF0129ECED0A1D12A2F4F3F02E269EF354F377ADD9A6844FCF825844F419126F5FB693DC556CCA0508CDD0AF523F2BB4AC4521C4F48219E71853CA47DBDFC9B312B00DF509E8F689FA1ED7D0B3989DEF802F16C4D90B3946F3749D7A1C4A7344D38B0E77E9E8BE84DB921C93901CFD058B46E77FA8712489B86D1A3FC37CDD2053FD19BDE473C7BBC0845A866EC20D75C21EE529A2BB5B7F8291C44FCD3718543F81C944C112EFDEF07448E56D597841C446FD329E26868E8C201BD92BAD594D231F2C6F9518972CD15DEC3A782A9C2379632346865B822841349CB15DEC2279869429FEFB61AE63E55985BF94750A27E2E219E4D5034E174E4131AF61BADA5C9FAA41C20D16D4C91C3B1D243CD87DA0B351F9A29EAF824BFEFF338C388F8A784EA1C8BF7D432DCC9BFAFD6B08550940CB5DBE6DF6F0011317210CFDA365DB8931ED821EDA9693F671886276ED6895A8A72193DC4514BBD6F97D94BE50CFFB0476FF48EF7D7877C2CFE43054A946BE88C63399245B8A36AC11D4F957504ADAA3BD9A359647A1F39E0242339461C2BA32CB5545C2C6CD8CCF752302269A26B8E7D506B152E46FEABCBCB4C242DD4E65851DEA070273F0011F533041F3B6D56A81E199016D53A473CFBBA3729DCC99B90A461DDA1021CB859A1F60F8488DBE862EB84FB2620F5E32B0E5F62842C447CB2D5420622AE6EB7904EC43CED4C928451B7336C819081B875F970494821BAB5B4BAEDC270A2DBD2F06C5F4F963094881FB7AE5FEA230C23BAF99067FF7AD2842144B74FD3FD37088389B88B3ADB35020E100612ADFBE4CF62B00983887A8973262A79C2002239431C4B4FC914FA13C903E2399D9E4CA12F915CA25A3C73DE9B10FA11E53A72FE45421FA2EC20077E9424B9C21522BE7010CFA1BCE40A9789F84A42D20D3CE52758B844B46E5C2147CA671432BD3A623E44081789FAA92BE448174C422D9DCDC0E288E99D0534E10251BEF4760CC52254D5DFA380D5C3E048F5199615A9C279A2EEEDA729C3E731E842B5F261D3372B2C07D3D2305DF84DF44E95208963BB095D981EB1ECA8F133D2B72CD2853322BE1DEF4DEC809B1AAA303FE003A652CA3FB44264114E89DE2661C4F31248FA7E9A14BC8A4EC278A5ED6461114E88E4782CAC092F43A63D5101A1EC510E6EB209BF88DE3B40BC9DECE0ED9762F6B5F987391223F488B830D9AB0F3E214BDF9B1841B82F48E812ADBB89F00CFA20526BE9EF08B5F4499430F5D7F865E69EB006DDF845DB4FF37D18041ED40D7DB335607AFC5D9F9E7B823E88322D6969BB2C5B687DC3A0EE0AFCC32A3453B3935DD01945EA6904F588B2712F18482BC21D8DF9B394FE4C08CD88F4A36B5ACFE02945D3E8D30F9A5037764E23D79B09CBC0B77E9016FDCC4C66642BD0B0532FF4D1458559A894BFCF0103F305CBB927359D19ECC1A2DF63183E311C5699023FE64E3A03274DD9CE39AB5AC8E935BF036D4C27DA56CE280486DD9B13D661C7D77035FE23A44101E84DD4E7DFA900ACA6C5359C210D88FC1363B29854D2A910B853781DE78003A2C25A82934A3A15966142FD7C0DC7647D837DD8623B0B4209B69116173625CCF719F3EC57BA9F1302B7EC13EA19CB98A2C2DAEF366A4B42E02B0537554DFD4E0AF98639929685B0D79BE0EA665AD38593B361617FAE08812991E1B0730CA166997BF4ABEF6B034EB9E1AB4D0899E7F0ECBEB42A044E48C99B488915D654A11CF80881FD9A4D248C3CEB5338EDCF2C0987B0C90C72B66E22D301EA7118355F21F0FD1818B19C7E121969D6B911E549F217366085A8DFAD57A8BDB036A446D07B84A1230C3996977B06C5F4B00C43117E4841C206ACFF8D75C1AFD80D055646AC736C762D50082D44B767B336A2FACE9C29DEA56021F4FD0AD6959077953384D6671EDAE70E4284D235701D4A6FAF8798EF33CFB0CD7567FC84D07945A48B79E33C25B40133D034C3EFB780BF4191AC810859CB323EA570A1033E9DA0FF8C76F10335D4F4073B50F92151841C3740E0C3D73889DAD1336025CB5EB97B6DF5BE276863E35DFF3088ADA6AAEA8B025801596E667C85658E77F71F8E320CAF27E3F0E58F76214B91A6E23008B9EE063C343E8E225F53B2E2D3B27DD81296C174EF1ADF6D33878ADD176B747D0305B6966CBFFB6884DD7F789852ECF7D7B4A0CAAA6A6A662F055C2B379F59EF3F948E792E6038749B6AFBCFE0B5E2DDD81505A76A5A3AF3F61CF66E14FFF0ABA342EF213DF4FE1B15C3D81FFCCE542A69BEA8548E7A6F4F86C1B1EFCFFEE56B117997ECE1A4B2D8B661A446BB3CF1E38F6DD8F0D2F342D9F7A504DE070C7EC1F71CF1CB095EE3F6C2E4DE0F67A640F701F3DEE97C48FF2671850DBCD399F79AC08D1173CB1D6EBA90F36EF50D117D33214DE854B9EE28DB08511905324284BC171F6F80A8ECFBA57ABA506AF05DB0BE76A2993A08518409A526D755736B271A993044A8502AF1DD9FB55EA2D10B35840B79AF965D27D10E07D284D279D289C60B4540134A9D645754E38D06A00A934DA4031984497E16EDC0BE1A4898DC16D5F8CDF0ED598452A998C4D46F52D20444281D27B077A39841E3251EA1D44049EB862BCF615D35B850AA17923598B2C33ADB5C42C9692769489CFBA07F63A8D0CD1A5C5783C7413459B20487506A72B537E2894A8AAD8D810BA51AD7C3289A68EF07CCAA09104A4E87A7A60A259A39FF895F414237335E7014A340A2FD0CA9A13C42A9DEE528465144D3D8634D12FC426FB2185E8C6288B6F90AFFBA1C42A97C075F26164054ECFEEA0A6F3C42F7692C808D5189666EB4B2092146A1E4947468558D46B4CD4F9E02E417BA55B523033BE311888AFD8BD31741E8E6FF2E811979898ABD07CAF1C28492346CC33207175131DE19C7493108DD71E34911B2960A272AC66E8DFE356214BAE5D8D5011D7218D1B495BD48E52744E83E8FE7883D7700884AEE7910E1F9132874DBD5D60973C3CA4A548CA71E77FB391F42846E0CEF64C2F644B21015DBEE47AE9E931025F40AB28D999034A262A73EC414DF38C409DDA8B7DA3A033284682A39E5BD27E0E9FB0EA14237CACD1B2CEB14A53FD1546C23D5EF81874794102DF462586A23AF2C8399CB4453719FBCD4C767C4D4E71B7108BDA8353BB70542F400E7E1BC2D673FEFF67BA25A96E5884BE845B97E7C7A737521CB9ED4A5E289D6FBC3A1576ADEFEB7A7BDB7D703D135733EE2147E85531E365B67E777ED936AA1E0DDA7512854AB27EDCEE0F3F3B2E6886B3383E2FF313BDE3A180CA5350000000049454E44AE426082,'y'),
 (9,'cpp','rishi','1','2','3','4','2','','n'),
 (11,'cpp','omkar','1','3','4','5','3','','n'),
 (12,'cpp','omkar','1','3','4','5','3','','n'),
 (13,'cpp','mandar','44','43','33','3234','43','','n'),
 (14,'cpp','what is xyz ksff','s','sd','d','dk','d','','n'),
 (15,'DBMS','hwllo','sdd','1','3','4','1','','y'),
 (16,'DBMS','ree','q','w','e','r','e','','y'),
 (17,'DBMS','jj','e','t','r','t','t','','y'),
 (18,'DBMS','vinay','1','3','4','5','3','','y'),
 (19,'Chemistry','The nucleus of an atom consists ?','electrons and neutrons','electrons and protons ','protons and neutrons','All of above','protons and neutrons','','y'),
 (20,'Chemistry','The number of moles of solute present in 1kg of a solvent is ','Molality','Molarity','Normality','none','Molality','','y'),
 (21,'Chemistry','The most electro-negative element among following is ','sodium','bromine ','fluorine','oxygen','fluorine','','y'),
 (22,'Chemistry','The metal used to recover copper from a solution of a copper sulphate is','Na','Ag','Hg','Fe','Fe','','y'),
 (23,'Chemistry','The metallurgical process in which a metal is obtained in a fused state is called ..?','smelting','roasting ','calcinations','floation','smelting','','y'),
 (24,'Chemistry','The most commonly used bleaching agent is ','alcohol','co2','chlorine','NaCl','chlorine','','y'),
 (25,'Chemistry','The nucleus of hydrogen atom consists of..?','1 Proton','1p + 2n','1 n only','1 e ','1 Proton','','y'),
 (26,'Chemistry','The heat required to raise the temperature of the body by 1K is called as ?','Specific heat','thermal capacity','water equivalent','none','thermal capacity','','y');
/*!40000 ALTER TABLE `questions` ENABLE KEYS */;


--
-- Definition of table `users`
--

DROP TABLE IF EXISTS `users`;
CREATE TABLE `users` (
  `user_id` int(11) NOT NULL auto_increment,
  `first_name` varchar(45) NOT NULL,
  `last_name` varchar(45) default NULL,
  `user_name` varchar(45) NOT NULL,
  `password` varchar(45) NOT NULL,
  `email` varchar(45) NOT NULL,
  `user_type` varchar(45) NOT NULL,
  `Department` varchar(45) NOT NULL,
  `roll_no` varchar(5) default NULL,
  `Division` varchar(45) default NULL,
  PRIMARY KEY  (`user_id`),
  UNIQUE KEY `user_name` (`user_name`),
  UNIQUE KEY `roll_no` (`roll_no`),
  KEY `Department` (`Department`),
  CONSTRAINT `users_ibfk_1` FOREIGN KEY (`Department`) REFERENCES `department` (`dname`)
) ENGINE=InnoDB AUTO_INCREMENT=15 DEFAULT CHARSET=latin1;

--
-- Dumping data for table `users`
--

/*!40000 ALTER TABLE `users` DISABLE KEYS */;
INSERT INTO `users` (`user_id`,`first_name`,`last_name`,`user_name`,`password`,`email`,`user_type`,`Department`,`roll_no`,`Division`) VALUES 
 (1,'Rishikesh','Shinde','rishi','root','shinderishi001@gmail.com','admin','Comp',NULL,NULL),
 (2,'mayur','patil','mayur','123','mayur@g.com','student','IT','33244','TE10'),
 (3,'Shrijan','vats','shri','123','shrijan.vats@gmail.com','student','IT','33261','TE10'),
 (5,'Vijaysingh','kadam','vijay','123','fesorere@next2cloud.info','student','COMP','31130','TE01'),
 (6,'Chinmay','Joshi','chinu','123','chinmayj@gmail.com','student','COMP','31124','TE01'),
 (7,'Manish','Chougule','max','123','maxchougule@gmail.com','student','COMP','31120','TE01'),
 (8,'Mandar','Jadhav','mandy','123','mandar139@gmail.com','student','COMP','31336','TE03'),
 (9,'Omkar','Sawant','omi','123','omkar2719@gmail.com','student','ENTC','32246','TE07'),
 (10,'Niranjan','Patil','niru','123','niranjan.patil@gmail.com','student','ENTC','32146','TE06'),
 (11,'Anant','Mane','anant','123','anant.mane@gmail.com','student','ENTC','32250','TE06'),
 (12,'Vishwendra','Naik','visu','123','visu123@gmail.com','student','IT','33154','TE09'),
 (13,'Pranav','Shikhre','pra','123','pranav.shikhre@gmail.com','student','IT','33259','TE10'),
 (14,'Omkar','Jadhav','om','123','omkar@gmail.com','student','Comp','31264','TE03');
/*!40000 ALTER TABLE `users` ENABLE KEYS */;


--
-- Definition of trigger `student_delete`
--

DROP TRIGGER /*!50030 IF EXISTS */ `student_delete`;

DELIMITER $$

CREATE DEFINER = `root`@`localhost` TRIGGER `student_delete` BEFORE DELETE ON `users` FOR EACH ROW begin
 DELETE from exams where std_id = old.user_id;
end $$

DELIMITER ;

--
-- Definition of procedure `deletecourse`
--

DROP PROCEDURE IF EXISTS `deletecourse`;

DELIMITER $$

/*!50003 SET @TEMP_SQL_MODE=@@SQL_MODE, SQL_MODE='STRICT_TRANS_TABLES,NO_AUTO_CREATE_USER' */ $$
CREATE DEFINER=`root`@`localhost` PROCEDURE `deletecourse`(in cname text)
BEGIN

Delete from answers where q_id in (Select question_id from questions where course_name = cname);
Delete from questions where course_name = cname;
Delete from exams where course_name = cname;
Delete from courses where course_name = cname;

END $$
/*!50003 SET SESSION SQL_MODE=@TEMP_SQL_MODE */  $$

DELIMITER ;



/*!40101 SET SQL_MODE=@OLD_SQL_MODE */;
/*!40014 SET FOREIGN_KEY_CHECKS=@OLD_FOREIGN_KEY_CHECKS */;
/*!40014 SET UNIQUE_CHECKS=@OLD_UNIQUE_CHECKS */;
/*!40101 SET CHARACTER_SET_CLIENT=@OLD_CHARACTER_SET_CLIENT */;
/*!40101 SET CHARACTER_SET_RESULTS=@OLD_CHARACTER_SET_RESULTS */;
/*!40101 SET COLLATION_CONNECTION=@OLD_COLLATION_CONNECTION */;
/*!40101 SET CHARACTER_SET_CLIENT=@OLD_CHARACTER_SET_CLIENT */;
